,count,mean,std,min,25%,50%,75%,max
idade,15000.0,43.8414,11.229169707662564,22.0,34.0,43.0,53.0,68.0
tempo_emprego,12466.0,7.7504616392203225,6.7802164260173985,0.1917808219178082,3.016438356164384,6.016438356164382,10.183561643835615,42.90684931506849
qtd_filhos,15000.0,0.4372666666666667,0.7605939098900973,0.0,0.0,0.0,1.0,14.0
qt_pessoas_residencia,15000.0,2.2190666666666665,0.9223519814948151,1.0,2.0,2.0,3.0,15.0
